ville,x,y
paris,2.3752,48.845
lille,3.04584,50.630206
strasbourg,7.761454,48.571428
lyon,4.8236,45.7685
marseille,5.3722,43.2545
bordeaux,-0.587876,44.853383
brest,-4.498893,48.406102
