ville,x,y
paris,2.3752,48.845
lille,3.04584,50.630206
nancy,6.171389,48.688152
strasbourg,7.761454,48.571428
lyon,4.8236,45.7685
nice,7.253866,43.712855
marseille,5.3722,43.2545
montpellier,3.873083,43.611665
toulouse,1.433106,43.600568
bordeaux,-0.587876,44.853383
nantes,-1.552891,47.238046
brest,-4.498893,48.406102
rennes,-1.686057,48.112191
